{"cameraMode":{"drawMode":0,"name":"Shaded","section":"Shading Mode"},"sceneLighting":false,"audioPlay":false,"sceneViewState":{"showFog":true,"showMaterialUpdate":false,"showSkybox":true,"showFlares":true,"showImageEffects":true,"showParticleSystems":true},"in2DMode":false,"pivot":{"x":-47.388301849365237,"y":4.13665246963501,"z":17.619752883911134},"rotation":{"x":0.31183677911758425,"y":0.12716566026210786,"z":-0.042159758508205417,"w":0.9406430125236511},"size":13.305153846740723,"orthographic":false}