{"cameraMode":{"drawMode":0,"name":"Shaded","section":"Shading Mode"},"sceneLighting":false,"audioPlay":false,"sceneViewState":{"showFog":true,"showMaterialUpdate":false,"showSkybox":true,"showFlares":true,"showImageEffects":true,"showParticleSystems":true},"in2DMode":false,"pivot":{"x":136.40005493164063,"y":-3.0866947174072267,"z":5.431147575378418},"rotation":{"x":0.23803485929965974,"y":0.04598959535360336,"z":-0.011287898756563664,"w":0.970101535320282},"size":13.232147216796875,"orthographic":false}