{"cameraMode":{"drawMode":0,"name":"Shaded","section":"Shading Mode"},"sceneLighting":false,"audioPlay":false,"sceneViewState":{"showFog":true,"showMaterialUpdate":false,"showSkybox":true,"showFlares":true,"showImageEffects":true,"showParticleSystems":true},"in2DMode":false,"pivot":{"x":-35.100101470947269,"y":8.627361297607422,"z":-16.086137771606447},"rotation":{"x":-0.34689953923225405,"y":-0.2986198365688324,"z":0.11754540354013443,"w":-0.8812888860702515},"size":3.157883644104004,"orthographic":false}