{"cameraMode":{"drawMode":0,"name":"Shaded","section":"Shading Mode"},"sceneLighting":false,"audioPlay":false,"sceneViewState":{"showFog":true,"showMaterialUpdate":false,"showSkybox":true,"showFlares":true,"showImageEffects":true,"showParticleSystems":true},"in2DMode":false,"pivot":{"x":-1073.7744140625,"y":-286.1067810058594,"z":-426.9557189941406},"rotation":{"x":-0.07526689022779465,"y":0.773995578289032,"z":-0.09528449177742005,"w":-0.6214392185211182},"size":1186.3883056640625,"orthographic":false}