{"cameraMode":{"drawMode":0,"name":"Shaded","section":"Shading Mode"},"sceneLighting":false,"audioPlay":false,"sceneViewState":{"showFog":true,"showMaterialUpdate":false,"showSkybox":true,"showFlares":true,"showImageEffects":true,"showParticleSystems":true},"in2DMode":false,"pivot":{"x":-31.826032638549806,"y":10.301017761230469,"z":-19.592960357666017},"rotation":{"x":-0.14206542074680329,"y":0.6067663431167603,"z":-0.11135336756706238,"w":-0.7741140127182007},"size":2.8578836917877199,"orthographic":false}