{"cameraMode":{"drawMode":0,"name":"Shaded","section":"Shading Mode"},"sceneLighting":false,"audioPlay":false,"sceneViewState":{"showFog":true,"showMaterialUpdate":false,"showSkybox":true,"showFlares":true,"showImageEffects":true,"showParticleSystems":true},"in2DMode":false,"pivot":{"x":13.038520812988282,"y":-2.3617630004882814,"z":21.83609390258789},"rotation":{"x":0.0856046974658966,"y":0.2722674012184143,"z":-0.02432922087609768,"w":0.9580973386764526},"size":44.33928298950195,"orthographic":false}