{"cameraMode":{"drawMode":0,"name":"Shaded","section":"Shading Mode"},"sceneLighting":false,"audioPlay":false,"sceneViewState":{"showFog":true,"showMaterialUpdate":false,"showSkybox":true,"showFlares":true,"showImageEffects":true,"showParticleSystems":true},"in2DMode":false,"pivot":{"x":-0.040075480937957767,"y":0.886104941368103,"z":-0.004893958568572998},"rotation":{"x":0.12241335958242417,"y":0.28396591544151308,"z":-0.036582257598638538,"w":0.9502842426300049},"size":7.015344619750977,"orthographic":false}