{"cameraMode":{"drawMode":0,"name":"Shaded","section":"Shading Mode"},"sceneLighting":false,"audioPlay":false,"sceneViewState":{"showFog":true,"showMaterialUpdate":false,"showSkybox":true,"showFlares":true,"showImageEffects":true,"showParticleSystems":true},"in2DMode":false,"pivot":{"x":0.017378509044647218,"y":0.34314996004104617,"z":-0.05734500288963318},"rotation":{"x":0.18977220356464387,"y":0.3320516049861908,"z":-0.06838919967412949,"w":0.9214397668838501},"size":2.716676712036133,"orthographic":false}