{"cameraMode":{"drawMode":0,"name":"Shaded","section":"Shading Mode"},"sceneLighting":true,"audioPlay":false,"sceneViewState":{"showFog":true,"showMaterialUpdate":false,"showSkybox":true,"showFlares":true,"showImageEffects":true,"showParticleSystems":true},"in2DMode":false,"pivot":{"x":0.9737884998321533,"y":0.9257336854934692,"z":0.4235948920249939},"rotation":{"x":-0.09651025384664536,"y":0.6576710939407349,"z":-0.08552053570747376,"w":-0.7421864867210388},"size":4.794015407562256,"orthographic":false}